Country_Code,Country_Name
AFG,Afghanistan
ALB,Albania
ARE,United Arab Emirates
ARG,Argentina
ARM,Armenia
AUS,Australia
AUT,Austria
AZE,Azerbaijan
BDI,Burundi
BEL,Belgium
BEN,Benin
BFA,Burkina Faso
BGD,Bangladesh
BGR,Bulgaria
BHR,Bahrain
BIH,Bosnia and Herzegovina
BLR,Belarus
BOL,Bolivia
BRA,Brazil
BTN,Bhutan
BWA,Botswana
CAN,Canada
CHE,Switzerland
CHL,Chile
CHN,China
CMR,Cameroon
COD,"Congo, Dem. Rep."
COL,Colombia
COM,Comoros
CRI,Costa Rica
CYP,Cyprus
CZE,Czech Republic
DEU,Germany
DNK,Denmark
DOM,Dominican Republic
DZA,Algeria
ECU,Ecuador
EGY,"Egypt, Arab Rep."
ESP,Spain
EST,Estonia
ETH,Ethiopia
FIN,Finland
FRA,France
GAB,Gabon
GBR,United Kingdom
GEO,Georgia
GHA,Ghana
GIN,Guinea
GRC,Greece
GTM,Guatemala
HKG,"Hong Kong SAR, China"
HND,Honduras
HRV,Croatia
HTI,Haiti
HUN,Hungary
IDN,Indonesia
IND,India
IRL,Ireland
IRN,"Iran, Islamic Rep."
IRQ,Iraq
ISL,Iceland
ISR,Israel
ITA,Italy
JAM,Jamaica
JOR,Jordan
JPN,Japan
KAZ,Kazakhstan
KEN,Kenya
KGZ,Kyrgyz Republic
KHM,Cambodia
KWT,Kuwait
LAO,Lao PDR
LBN,Lebanon
LBR,Liberia
LBY,Libya
LKA,Sri Lanka
LTU,Lithuania
LUX,Luxembourg
LVA,Latvia
MAC,"Macao SAR, China"
MAR,Morocco
MDA,Moldova
MDG,Madagascar
MEX,Mexico
MLI,Mali
MLT,Malta
MMR,Myanmar
MNE,Montenegro
MNG,Mongolia
MRT,Mauritania
MUS,Mauritius
MWI,Malawi
MYS,Malaysia
NAM,Namibia
NER,Niger
NGA,Nigeria
NIC,Nicaragua
NLD,Netherlands
NOR,Norway
NPL,Nepal
NZL,New Zealand
PAK,Pakistan
PAN,Panama
PER,Peru
PHL,Philippines
PLW,Palau
POL,Poland
PRT,Portugal
PRY,Paraguay
QAT,Qatar
ROU,Romania
RUS,Russian Federation
RWA,Rwanda
SAU,Saudi Arabia
SEN,Senegal
SGP,Singapore
SLE,Sierra Leone
SLV,El Salvador
SOM,Somalia
SRB,Serbia
SSD,South Sudan
SVK,Slovak Republic
SVN,Slovenia
SWE,Sweden
SYR,Syrian Arab Republic
TCD,Chad
TGO,Togo
THA,Thailand
TJK,Tajikistan
TKM,Turkmenistan
TTO,Trinidad and Tobago
TUN,Tunisia
TUR,Turkey
TZA,Tanzania
UGA,Uganda
UKR,Ukraine
URY,Uruguay
USA,United States
UZB,Uzbekistan
VEN,"Venezuela, RB"
VNM,Vietnam
YEM,"Yemen, Rep."
ZAF,South Africa
ZMB,Zambia
ZWE,Zimbabwe